variable,count,mean,std,min,25%,50%,75%,max,original
dummy1,1000.0,-0.0001230747941046563,0.010312866401276715,-0.0307676103589216,-0.0067202745086711,6.356439103782918e-05,0.006791880483797575,0.0336864321161414,-0.008064583528224
dummy2,1000.0,-0.00036959196623116507,0.010397194340162803,-0.0292837013806419,-0.007220117200479725,-0.00015629552196465,0.0064291868583471745,0.0396987892113358,-0.0004200440077148
x1,1000.0,-0.13323636610144404,3.0788460346019355,-9.711004466603312,-2.1217299897169934,-0.14922629028299125,1.8761752494027997,28.203627910775875,28.203627910775875
x2,1000.0,0.1377228759475805,8.067798908036561,-30.09457652345629,-5.45365081118658,0.24649651640251807,5.341388425032204,75.05018303719476,75.05018303719476
x3,1000.0,0.07614682548360015,1.939156856676708,-6.0935164074228645,-1.1713571235367706,0.033589317547011804,1.2956372252655546,17.752892483488488,17.752892483488488
